<?xml version="1.0" encoding="UTF-8"?>
<Configuration status="INFO">
    <Appenders>
        <Console name="LogToConsole" target="SYSTEM_OUT">
            <PatternLayout pattern="%d{yyyy-MM-dd HH:mm:ss.SSS} [%t] %-5level %logger{36} - %msg%n"/>
        </Console>
        <File name="LogToFile" fileName="Log4j/log4j-application.log">
            <PatternLayout pattern="%d{yyyy-MM-dd HH:mm:ss.SSS} [%t] %-5level %logger{36} - %msg%n"/>
        </File>
    </Appenders>
    <Loggers>
        <Logger name="com.RevenueForecastManagerApi.RevenueForecastManagerApi" level="DEBUG">
        </Logger>
        <Root level="info">
            <AppenderRef ref="LogToConsole"/>
            <AppenderRef ref="LogToFile"/>
        </Root>
    </Loggers>
</Configuration>
